panel,protein
multiclass_25,ADAMTS13
multiclass_25,ADAMTS15
multiclass_25,BMP4
multiclass_25,CCDC80
multiclass_25,CEACAM5
multiclass_25,CGA
multiclass_25,CNTN1
multiclass_25,CRTAC1
multiclass_25,CXCL13
multiclass_25,CXCL17
multiclass_25,FCER2
multiclass_25,FLT3
multiclass_25,GFAP
multiclass_25,GLO1
multiclass_25,KLK13
multiclass_25,LTA4H
multiclass_25,NEFL
multiclass_25,PAEP
multiclass_25,PRDX6
multiclass_25,PSPN
multiclass_25,SLAMF7
multiclass_25,TCL1A
multiclass_25,TRAF2
multiclass_25,WFDC2
multiclass_25,XG
single_AML,CD244
single_AML,FLT3
single_AML,PGLYRP1
single_BRC,CXCL8
single_BRC,ENPP2
single_BRC,F3
single_BRC,GCG
single_BRC,HAGH
single_BRC,LEP
single_BRC,NTF3
single_BRC,PSIP1
single_BRC,SDC1
single_BRC,SDC4
single_BRC,SPOCK1
single_BRC,TSPAN1
single_BRC,XG
single_CLL,FCER2
single_CLL,TCL1A
single_CRC,BID
single_CRC,GLO1
single_CRC,LGALS4
single_CRC,PRDX5
single_CRC,PRDX6
single_CRC,PSMD9
single_CRC,SEZ6L2
single_CRC,SPINK4
single_CRC,TFRC
single_CRC,WFDC2
single_CVX,ADGRG1
single_CVX,AFP
single_CVX,CDHR2
single_CVX,CHGB
single_CVX,CRNN
single_CVX,GFAP
single_CVX,KLK14
single_CVX,LTA4H
single_CVX,PRDX5
single_CVX,PSPN
single_CVX,VAT1
single_ENDC,ADAMTS13
single_ENDC,BID
single_ENDC,CA3
single_ENDC,CGA
single_ENDC,CORO1A
single_ENDC,ILKAP
single_ENDC,LEFTY2
single_ENDC,LEP
single_ENDC,PROK1
single_ENDC,XG
single_GLIOM,BCAN
single_GLIOM,GFAP
single_GLIOM,IGFBP1
single_LUNGC,C1QA
single_LUNGC,CXCL17
single_LUNGC,FKBP1B
single_LUNGC,KLK13
single_LUNGC,NFATC1
single_LUNGC,SDC1
single_DLBCL,CXCL13
single_DLBCL,PDCD1
single_DLBCL,TACSTD2
single_DLBCL,THOP1
single_DLBCL,TNFRSF13C
single_MYEL,ARTN
single_MYEL,BMP6
single_MYEL,CNTN5
single_MYEL,FCRLB
single_MYEL,MZB1
single_MYEL,PLIN1
single_MYEL,QPCT
single_MYEL,SLAMF7
single_OVC,ALPP
single_OVC,AREG
single_OVC,CDH15
single_OVC,CXCL17
single_OVC,HAGH
single_OVC,PAEP
single_OVC,S100A4
single_OVC,SEZ6L2
single_OVC,WFDC2
single_PRC,AREG
single_PRC,CGA
single_PRC,CNTN3
single_PRC,CRTAC1
single_PRC,FAP
single_PRC,KLK13
single_PRC,LEP
single_PRC,MSMB
single_PRC,NTRK3
single_PRC,PSPN
single_PRC,TFRC
single_PRC,TNFRSF10A
single_PRC,TRAF2
single_pooled_unique,ADAMTS13
single_pooled_unique,ADGRG1
single_pooled_unique,AFP
single_pooled_unique,ALPP
single_pooled_unique,AREG
single_pooled_unique,ARTN
single_pooled_unique,BCAN
single_pooled_unique,BID
single_pooled_unique,BMP6
single_pooled_unique,C1QA
single_pooled_unique,CA3
single_pooled_unique,CD244
single_pooled_unique,CDH15
single_pooled_unique,CDHR2
single_pooled_unique,CGA
single_pooled_unique,CHGB
single_pooled_unique,CNTN3
single_pooled_unique,CNTN5
single_pooled_unique,CORO1A
single_pooled_unique,CRNN
single_pooled_unique,CRTAC1
single_pooled_unique,CXCL13
single_pooled_unique,CXCL17
single_pooled_unique,CXCL8
single_pooled_unique,ENPP2
single_pooled_unique,F3
single_pooled_unique,FAP
single_pooled_unique,FCER2
single_pooled_unique,FCRLB
single_pooled_unique,FKBP1B
single_pooled_unique,FLT3
single_pooled_unique,GCG
single_pooled_unique,GFAP
single_pooled_unique,GLO1
single_pooled_unique,HAGH
single_pooled_unique,IGFBP1
single_pooled_unique,ILKAP
single_pooled_unique,KLK13
single_pooled_unique,KLK14
single_pooled_unique,LEFTY2
single_pooled_unique,LEP
single_pooled_unique,LGALS4
single_pooled_unique,LTA4H
single_pooled_unique,MSMB
single_pooled_unique,MZB1
single_pooled_unique,NFATC1
single_pooled_unique,NTF3
single_pooled_unique,NTRK3
single_pooled_unique,PAEP
single_pooled_unique,PDCD1
single_pooled_unique,PGLYRP1
single_pooled_unique,PLIN1
single_pooled_unique,PRDX5
single_pooled_unique,PRDX6
single_pooled_unique,PROK1
single_pooled_unique,PSIP1
single_pooled_unique,PSMD9
single_pooled_unique,PSPN
single_pooled_unique,QPCT
single_pooled_unique,S100A4
single_pooled_unique,SDC1
single_pooled_unique,SDC4
single_pooled_unique,SEZ6L2
single_pooled_unique,SLAMF7
single_pooled_unique,SPINK4
single_pooled_unique,SPOCK1
single_pooled_unique,TACSTD2
single_pooled_unique,TCL1A
single_pooled_unique,TFRC
single_pooled_unique,THOP1
single_pooled_unique,TNFRSF10A
single_pooled_unique,TNFRSF13C
single_pooled_unique,TRAF2
single_pooled_unique,TSPAN1
single_pooled_unique,VAT1
single_pooled_unique,WFDC2
single_pooled_unique,XG
