cancer,panel_size,auc,ece_10bin,brier,threshold,sensitivity,specificity,balanced_accuracy,mcc,tp,fn,tn,fp
AML,3,1.0,0.0012653925914125918,0.00024368483311713177,0.5,1.0,1.0,1.0,1.0,14,0,399,0
AML,3,1.0,0.0012653925914125918,0.00024368483311713177,0.8,0.9285714285714286,1.0,0.9642857142857143,0.962418827746008,13,1,399,0
BRC,13,0.9354383262739058,0.03576178978495212,0.053348663106120776,0.5,0.40476190476190477,0.9703504043126685,0.6875561545372866,0.4509864930719005,17,25,360,11
BRC,13,0.9354383262739058,0.03576178978495212,0.053348663106120776,0.8,0.23809523809523808,1.0,0.6190476190476191,0.46817668965658665,10,32,371,0
CLL,2,0.9984615384615385,0.010299427547201147,0.00753369378088006,0.5,0.6923076923076923,0.9975,0.8449038461538462,0.7835688844016238,9,4,399,1
CLL,2,0.9984615384615385,0.010299427547201147,0.00753369378088006,0.8,0.5384615384615384,1.0,0.7692307692307692,0.7283570407292298,7,6,400,0
CRC,10,0.9382611031518625,0.03286169955897424,0.05982044353205004,0.5,0.703125,0.9627507163323782,0.832937858166189,0.6935339157726381,45,19,336,13
CRC,10,0.9382611031518625,0.03286169955897424,0.05982044353205004,0.8,0.5,0.994269340974212,0.747134670487106,0.6507397099721713,32,32,347,2
CVX,11,0.9447124304267162,0.019740140029509433,0.031135287832464508,0.5,0.5357142857142857,0.9948051948051948,0.7652597402597403,0.6713340304463715,15,13,383,2
CVX,11,0.9447124304267162,0.019740140029509433,0.031135287832464508,0.8,0.39285714285714285,1.0,0.6964285714285714,0.613387138025022,11,17,385,0
DLBCL,5,0.8657357679914071,0.013867128158774113,0.02065449195309991,0.5,0.35714285714285715,0.9974937343358395,0.6773182957393483,0.5363659255671064,5,9,398,1
DLBCL,5,0.8657357679914071,0.013867128158774113,0.02065449195309991,0.8,0.21428571428571427,1.0,0.6071428571428571,0.4566580617550222,3,11,399,0
ENDC,10,0.8710488505747126,0.016979874380954912,0.05411498532871074,0.5,0.20689655172413793,0.984375,0.595635775862069,0.29097265912228676,6,23,378,6
ENDC,10,0.8710488505747126,0.016979874380954912,0.05411498532871074,0.8,0.06896551724137931,1.0,0.5344827586206896,0.25384037467818854,2,27,384,0
GLIOM,3,0.9406166219839142,0.0226778845944679,0.040302563094014705,0.5,0.675,0.9812332439678284,0.8281166219839142,0.7061282319151209,27,13,366,7
GLIOM,3,0.9406166219839142,0.0226778845944679,0.040302563094014705,0.8,0.625,0.9919571045576407,0.8084785522788204,0.725821787943012,25,15,370,3
LUNGC,6,0.9322047000618429,0.04133783602315167,0.07906821927892146,0.5,0.5194805194805194,0.9732142857142857,0.7463474025974026,0.5933955056803123,40,37,327,9
LUNGC,6,0.9322047000618429,0.04133783602315167,0.07906821927892146,0.8,0.23376623376623376,0.9940476190476191,0.6139069264069265,0.413317560308838,18,59,334,2
MYEL,8,0.9986248624862486,0.008171335242227228,0.008379908684055557,0.5,0.8888888888888888,0.9925742574257426,0.9407315731573157,0.7992943212714723,8,1,401,3
MYEL,8,0.9986248624862486,0.008171335242227228,0.008379908684055557,0.8,0.8888888888888888,0.9925742574257426,0.9407315731573157,0.7992943212714723,8,1,401,3
OVC,9,0.9707939119703826,0.011520910799247195,0.02577013256175776,0.5,0.717948717948718,0.9946524064171123,0.8563005621829152,0.8028873095964909,28,11,372,2
OVC,9,0.9707939119703826,0.011520910799247195,0.02577013256175776,0.8,0.6666666666666666,0.9973262032085561,0.8319964349376114,0.7855177192110586,26,13,373,1
PRC,13,0.9669253510716926,0.03127445269217192,0.04965122067711047,0.5,0.5227272727272727,0.9701897018970189,0.7464584873121458,0.5532917977293683,23,21,358,11
PRC,13,0.9669253510716926,0.03127445269217192,0.04965122067711047,0.8,0.3181818181818182,0.989159891598916,0.6536708548903671,0.4644363720833079,14,30,365,4
